epoch;loss
0;0.011422697
1;0.005540515
2;0.003967507
3;0.003967096
4;0.003950314
5;0.003947816
6;0.003961578
7;0.003967009
8;0.003947261
9;0.003924679
;
;
;
;
Hyperparameter;Waarde
Learning rate;0.0003
Batch size;32
Epochs;10
Grootte netwerk;32,32,1 (tanh)
;
;
Loss validatieset;0.0037
Loss testset;0.0038
