epoch;loss;factor foutmarge
0;0.699140966;6.85719497
1;0.045924023;1.637943474
2;0.024990538;1.439076758
3;0.013831735;1.311017218
4;0.009334347;1.24914952
5;0.006374875;1.201829367
6;0.005014005;1.177089918
7;0.006687223;1.207189473
8;0.004451167;1.166049711
9;0.003869538;1.153999473
;;
;;
;;
;;
;;
;;
Hyperparameter;Waarde;
Learning rate;0.001;
Batch size;32;
Epochs;10;
Grootte netwerk;32,32,1 (tanh);
;;
;;
Loss validatieset;0.0036;
Loss testset;0.0029;
