epoch;loss;factor foutmarge
0;0.136750966;2.343141674
1;0.109877951;2.145252579
2;0.087247573;1.974135695
3;0.122168958;2.236283004
4;0.135663167;2.335203922
5;0.117841035;2.204346289
6;0.109183691;2.140077771
7;0.134297147;2.325229114
8;0.155517653;2.479460907
9;0.172745615;2.603914824
;;
;;
;;
;;
;;
Hyperparameter;Waarde;
Learning rate;0.003;
Batch size;32;
Epochs;10;
Grootte netwerk;32,32,32,1 (tanh);
;;
;;
;;
Loss validatieset;0.276;
Loss testset;0.25;
