epoch;loss;log10 loss
0;2676.030762;3.427491101
1;0.239130437;-0.621365142
2;4.412443638;0.644679171
3;5.536995888;0.743274201
4;4.293530941;0.632814597
5;4.546783924;0.657704316
6;4.046247005;0.607052391
7;4.197341919;0.622974349
8;2.306694984;0.362990171
9;2.997833729;0.476807542
;;
;;
;;
;;
Learning rate: 0.001;;
Batch size: 32;;
Epochs: 10;;
Loss validatieset: 0.1475;;
Loss testset: 0.1459;;
;;
Netwerk: 32,32,1;;
