epoch;loss;log10 loss
0;984.0322876;2.993009349
1;4.216321945;0.624933765
2;9.960833549;0.998295683
3;2.833797693;0.452368842
4;1.68012476;0.225341532
5;1.742470384;0.241165405
6;1.136154771;0.055437496
7;0.756028295;-0.121461951
8;0.557329774;-0.253887755
9;0.623573899;-0.205112071
;;
;;
;;
;;
;;
Learning rate: 0.001;;
Batch size: 16;;
Epochs: 10;;
Loss validatieset: 0.3693;;
Loss testset: 0.3687;;
;;
Netwerk: 32,32,1;;
