epoch;loss;log10 loss
0;52.69078064;1.721734633
1;0.358429611;-0.445596119
2;0.754414082;-0.122390214
3;0.909107327;-0.041384842
4;0.711728513;-0.147685635
5;1.345542908;0.128897551
6;0.623216748;-0.205360884
7;0.748048246;-0.126070391
8;0.799175024;-0.097358097
9;0.797380149;-0.09833458
;;
;;
;;
;;
Learning rate: 0.0003;;
Batch size: 32;;
Epochs: 10;;
Loss validatieset: 0.2122;;
Loss testset: 0.2111;;
;;
Netwerk: 32,32,1;;
